{
  "type": "service_account",
  "project_id": "{your project id}",
  "private_key_id": "{your private key id}",
  "private_key": "{your private key}",
  "client_email": "{client email}",
  "client_id": "112015039025055901442",
  "auth_uri": "https://accounts.google.com/o/oauth2/auth",
  "token_uri": "https://accounts.google.com/o/oauth2/token",
  "auth_provider_x509_cert_url": "https://www.googleapis.com/oauth2/v1/certs",
  "client_x509_cert_url": "https://www.googleapis.com/robot/v1/metadata/x509/develop%40book-test-158703.iam.gserviceaccount.com"
}
